tech,id,rho,angle,w,a,we,ae,mt,error
eye,6.0,0.1,307.6391641937759,14.581954759253449,231.4871699525438,44.052619277963935,368.9426579383841,20.475615978240967,3
eye,6.0,0.1,35.832577570126425,14.581954759253676,243.74603464944465,50.89743787686811,380.0872474147441,5.122097015380859,2
eye,6.0,0.1,339.1646475390776,14.581954759253449,254.49160243351915,43.02192933045048,369.4818127313287,2.6529572010040283,0
eye,6.0,0.1,6.832337772615822,14.581954759253222,260.66844915682987,30.703652850003795,339.53038482486113,3.036334991455078,1
eye,6.0,0.1,173.16766222738408,14.581954759253676,260.66844915683004,0.728788020577214,313.2248603908076,5.540881872177124,1
eye,6.0,0.1,200.83535246092245,14.581954759253676,254.4916024335192,12.177820377112212,282.3786992470008,3.035968065261841,0
eye,6.0,0.1,144.16742242987357,14.581954759253222,243.74603464944443,34.8163105168876,267.00999417769236,4.142029047012329,1
